# Blog related redirects
# blog used to 'live' on cpsievert.me, but has migrated to blog.cpsievert.me
/:year/:month/:day/:slug   /blog/:year/:month/:day/:slug
/blog/*                    https://blog.cpsievert.me/:splat
/post/*                    https://blog.cpsievert.me/:splat

# redirect some old links 
/home                  /
/about                 /
/software              /#portfolio

# Other Github repo/project redirects
/plotly_book/*         https://plotly-book.cpsievert.me/:splat
/consulting/*          https://consulting.cpsievert.me/:splat
/projects/*            https://projects.cpsievert.me/:splat
/talks/*               https://talks.cpsievert.me/:splat
/slides/*              https://slides.cpsievert.me/:splat
/LDAvis/*              https://LDAvis.cpsievert.me/:splat
/pitchRx/*             https://pitchRx.cpsievert.me/:splat
/bbscrapeR/*           https://bbscrapeR.cpsievert.me/:splat
/XML2R/*               https://XML2R.cpsievert.me/:splat
/2016election/*        https://2016election.cpsievert.me/:splat
/pedestrians/*         https://pedestrians.cpsievert.me/:splat
/plotcon17/*           https://plotcon17.cpsievert.me/:splat
/plotly-test-table/*   https://plotly-test-table.cpsievert.me/:splat
/phd-thesis/*          https://phd-thesis.cpsievert.me/:splat
/stat226/*             https://stat226.cpsievert.me/:splat

# TODO: stop being lazy and update/redo this post
/xkcd                  https://projects.cpsievert.me/615/xkcd/


# sensible redirect for renamed sections of plotly book
https://plotly-book.cpsievert.me/linking-views-without-shiny.html https://plotly-book.cpsievert.me/linking-views-client-side.html
https://plotly-book.cpsievert.me/linking-views-with-shiny.html https://plotly-book.cpsievert.me/linking-views-server-side.html